3,9,0,4,10,4,17,0,2,9
3,9,0,4,10,4,17,0,2,9
3,9,0,4,10,4,17,0,2,9
3,9,0,4,10,4,17,0,2,9
3,9,0,4,10,4,17,0,2,9
3,9,0,4,10,4,17,0,2,9
3,9,0,4,10,4,17,0,2,9
3,9,0,4,10,4,17,0,2,9
3,9,0,4,10,4,17,0,2,9
3,9,0,4,10,4,17,0,2,9
3,9,0,4,10,4,17,0,2,9
3,9,0,4,10,4,17,0,2,9
3,9,0,4,10,4,17,0,2,9
3,9,0,4,10,4,17,0,2,9
3,9,0,4,10,4,17,0,2,9
3,9,0,4,10,4,17,0,2,9
3,9,0,4,10,4,17,0,2,9
3,9,0,4,10,4,17,0,2,9
3,9,0,4,10,4,17,0,2,9
3,9,0,4,10,4,17,0,2,9
3,9,0,4,10,4,17,0,2,9
3,9,0,4,10,4,17,0,2,9
3,9,0,4,10,4,17,0,2,9
3,9,0,4,10,4,17,0,2,9
3,9,0,4,10,4,17,0,2,9
3,9,0,4,10,4,17,0,2,9
3,9,0,4,10,4,17,0,2,9
3,9,0,4,10,4,17,0,2,9
3,9,0,4,10,4,17,0,2,9
3,9,0,4,10,4,17,0,2,9
3,9,0,4,10,4,17,0,2,9
3,9,0,4,10,4,17,0,2,9
3,9,0,4,10,4,17,0,2,9
3,9,0,4,10,4,17,0,2,9
3,9,0,4,10,4,17,0,2,9
3,9,0,4,10,4,17,0,2,9
3,9,0,4,10,4,17,0,2,9
3,9,0,4,10,4,17,0,2,9
3,9,0,4,10,4,17,0,2,9
3,9,0,4,10,4,17,0,2,9
3,9,0,4,10,4,17,0,2,9
3,9,0,4,10,4,17,0,2,9
3,9,0,4,10,4,17,0,2,9
3,9,0,4,10,4,17,0,2,9
3,9,0,4,10,4,17,0,2,9
3,9,0,4,10,4,17,0,2,9
3,9,0,4,10,4,17,0,2,9
3,9,0,4,10,4,17,0,2,9
3,9,0,4,10,4,17,0,2,9
3,9,0,4,10,4,17,0,2,9
3,9,0,4,10,4,17,0,2,9
3,9,0,4,10,4,17,0,2,9
3,9,0,4,10,4,17,0,2,9
3,9,0,4,10,4,17,0,2,9
3,9,0,4,10,4,17,0,2,9
3,9,0,4,10,4,17,0,2,9
3,9,0,4,10,4,17,0,2,9
3,9,0,4,10,4,17,0,2,9
3,9,0,4,10,4,17,0,2,9
3,9,0,4,10,4,17,0,2,9
3,9,0,4,10,4,17,0,2,9
3,9,0,4,10,4,17,0,2,9
3,9,0,4,10,4,17,0,2,9
3,9,0,4,10,4,17,0,2,9
3,9,0,4,10,4,17,0,2,9
3,9,0,4,10,4,17,0,2,9
3,9,0,4,10,4,17,0,2,9
3,9,0,4,10,4,17,0,2,9
3,9,0,4,10,4,17,0,2,9
3,9,0,4,10,4,17,0,2,9
3,9,0,4,10,4,17,0,2,9
3,9,0,4,10,4,17,0,2,9
3,9,0,4,10,4,17,0,2,9
3,9,0,4,10,4,17,0,2,9
3,9,0,4,10,4,17,0,2,9
3,9,0,4,10,4,17,0,2,9
3,9,0,4,10,4,17,0,2,9
3,9,0,4,10,4,17,0,2,9
3,9,0,4,10,4,17,0,2,9
3,9,0,4,10,4,17,0,2,9
3,9,0,4,10,4,17,0,2,9
3,9,0,4,10,4,17,0,2,9
3,9,0,4,10,4,17,0,2,9
3,9,0,4,10,4,17,0,2,9
3,9,0,4,10,4,17,0,2,9
3,9,0,4,10,4,17,0,2,9
3,9,0,4,10,4,17,0,2,9
3,9,0,4,10,4,17,0,2,9
3,9,0,4,10,4,17,0,2,9
3,9,0,4,10,4,17,0,2,9
3,9,0,4,10,4,17,0,2,9
3,9,0,4,10,4,17,0,2,9
3,9,0,4,10,4,17,0,2,9
3,9,0,4,10,4,17,0,2,9
3,9,0,4,10,4,17,0,2,9
3,9,0,4,10,4,17,0,2,9
3,9,0,4,10,4,17,0,2,9
3,9,0,4,10,4,17,0,2,9
3,9,0,4,10,4,17,0,2,9
3,9,0,4,10,4,17,0,2,9
3,9,0,4,10,4,17,0,2,9
3,9,0,4,10,4,17,0,2,9
3,9,0,4,10,4,17,0,2,9
3,9,0,4,10,4,17,0,2,9
3,9,0,4,10,4,17,0,2,9
3,9,0,4,10,4,17,0,2,9
3,9,0,4,10,4,17,0,2,9
3,9,0,4,10,4,17,0,2,9
3,9,0,4,10,4,17,0,2,9
3,9,0,4,10,4,17,0,2,9
3,9,0,4,10,4,17,0,2,9
3,9,0,4,10,4,17,0,2,9
3,9,0,4,10,4,17,0,2,9
3,9,0,4,10,4,17,0,2,9
